customer_id,customer_name,segment,region,city,signup_date
C0001,Joann Glass,Corporate,East,Michellemouth,2023-02-13
C0002,Jeremy Turner,Corporate,South,Brittanystad,2024-07-18
C0003,Jesse Brown,Corporate,North,Chaseland,2024-12-22
C0004,Julie Spencer,Consumer,South,South Reginashire,2025-02-14
C0005,John Hernandez,Small Business,Central,South Dalemouth,2026-06-12
C0006,Matthew Williams,Consumer,West,Ritterhaven,2024-08-09
C0007,Jake Campbell,Small Business,Central,Schroederton,2025-09-03
C0008,Andrea Davis,Corporate,West,Mitchellberg,2023-11-07
C0009,Brenda Bailey,Small Business,West,Andersonland,2023-10-03
C0010,Rickey Li,Corporate,South,Lake Ellenhaven,2023-12-18
C0011,Christopher Lewis,Consumer,North,Leeberg,2023-02-19
C0012,Richard Romero,Small Business,South,Lake Matthewberg,2024-11-26
C0013,Christopher Schwartz,Corporate,Central,Lake Samuel,2024-02-28
C0014,Cynthia Wallace,Small Business,North,Karenmouth,2023-06-14
C0015,Vincent Mueller,Corporate,North,West Erika,2024-10-18
C0016,Randy Strickland,Small Business,South,Burchborough,2025-09-20
C0017,David Davidson,Small Business,Central,Angelaville,2025-05-12
C0018,Belinda Miller,Home Office,West,West Shannon,2024-07-27
C0019,Anna Lozano,Small Business,Central,Wilkersontown,2024-03-05
C0020,James Hughes,Small Business,South,West Jeffreymouth,2026-03-28
C0021,Marie Moody,Small Business,West,North Justin,2025-11-01
C0022,Brenda Thornton,Home Office,South,Gilbertland,2022-08-04
C0023,Chase Bentley,Home Office,Central,Rodriguezport,2023-06-20
C0024,David Fowler,Small Business,South,Brownfort,2024-11-25
C0025,Jose Allen,Home Office,West,West Ruben,2024-12-22
C0026,Jason Beck,Consumer,East,New Theresaland,2026-04-30
C0027,Rachel Romero,Corporate,East,South Morganton,2025-01-21
C0028,Mrs. Alexis Kramer,Home Office,East,Johnville,2025-08-08
C0029,Evelyn Williams,Consumer,South,Lisaburgh,2025-11-02
C0030,Veronica Mendoza,Corporate,South,Port Dennis,2025-05-19
C0031,Amanda Harris,Small Business,South,North Leslie,2023-10-04
C0032,Robert Kennedy,Corporate,North,Port Deborahport,2023-12-11
C0033,Sharon Rivera,Small Business,West,Port Michealfurt,2025-06-27
C0034,Jasmine Beltran,Home Office,Central,Holtstad,2026-03-19
C0035,Rebecca Acosta,Small Business,West,South Carrieburgh,2024-09-11
C0036,Bobby Guerrero,Consumer,South,Seanchester,2023-03-08
C0037,Jeremy Acosta,Small Business,West,Christinachester,2023-08-13
C0038,Theresa Jones,Consumer,Central,Coxburgh,2026-04-30
C0039,Lawrence Harrington,Small Business,West,East Carlosstad,2023-12-19
C0040,Amanda Hernandez,Consumer,East,Rushstad,2024-04-16
C0041,Chad Richardson,Home Office,West,Debrabury,2026-05-11
C0042,Cody Holmes,Small Business,Central,West Kimberlymouth,2023-05-17
C0043,Melissa Lutz,Corporate,West,North Derek,2022-10-24
C0044,Micheal Osborn,Corporate,East,Elizabethland,2024-09-18
C0045,Elijah Moore,Small Business,West,Port Michael,2023-05-31
C0046,Dr. Cynthia Snyder,Consumer,West,Angelastad,2024-05-20
C0047,Mrs. Stacey Jones,Home Office,West,Keyfort,2024-08-14
C0048,Samantha Jones,Corporate,West,Dawnmouth,2024-05-18
C0049,Bethany Calderon,Corporate,Central,Port Tammy,2024-03-31
C0050,Amy Martinez,Consumer,West,West Fred,2023-10-22
C0051,Hannah Everett,Consumer,North,Meghanview,2023-04-20
C0052,Denise Weber,Small Business,South,New Danielleshire,2026-04-13
C0053,Matthew Le,Small Business,South,Meganshire,2022-09-06
C0054,Angela Fry,Consumer,East,Debrashire,2024-03-07
C0055,Kathleen Burton,Small Business,East,Dawnport,2024-06-12
C0056,Melinda Evans,Corporate,West,Lake Brianmouth,2024-03-06
C0057,Gerald Thomas,Home Office,East,Jessicastad,2026-06-02
C0058,Jacob Hoffman,Small Business,East,Johnville,2023-08-02
C0059,Brent Roberts,Small Business,East,Linchester,2023-07-05
C0060,Caitlin Murphy,Consumer,West,Jamesburgh,2024-07-04
C0061,Kathleen Parker,Consumer,Central,North Sierrahaven,2024-05-06
C0062,Kevin Williams,Consumer,East,Troyfort,2023-08-29
C0063,Brian Anderson,Corporate,North,Jessicafurt,2023-12-24
C0064,Kelly Lee,Consumer,North,Charleshaven,2024-04-25
C0065,Samantha Hanson,Corporate,South,East Theresafurt,2024-01-04
C0066,Ms. Holly Thomas,Consumer,Central,Porterton,2022-09-02
C0067,Regina Stone,Corporate,South,New Patricia,2023-01-28
C0068,Emily Long,Corporate,West,Brittneyhaven,2025-10-30
C0069,Michelle Evans,Consumer,Central,West Markville,2026-06-08
C0070,Rebecca Swanson,Corporate,West,New Thomasshire,2024-10-28
C0071,Lauren Jackson,Home Office,East,Hernandezbury,2022-08-23
C0072,Ashley Smith,Corporate,Central,Robertchester,2025-04-11
C0073,Reginald Knapp,Consumer,South,Lake Devinborough,2024-10-04
C0074,Mrs. Jamie Frye DDS,Home Office,North,Amyview,2024-12-15
C0075,David Grant,Consumer,East,West Kellie,2025-05-02
C0076,Katherine Castillo,Small Business,West,Keithshire,2025-03-22
C0077,William Cardenas,Corporate,North,West Bobby,2026-05-03
C0078,Thomas Douglas,Corporate,North,Lewisside,2023-08-08
C0079,Denise Rodriguez,Home Office,Central,East Brent,2026-02-19
C0080,David Garcia,Consumer,Central,Jenniferville,2025-03-29
C0081,Vincent Spence,Consumer,East,South Denise,2026-01-14
C0082,Matthew Avila,Small Business,East,Manuelton,2026-02-23
C0083,Kenneth Nichols,Consumer,Central,East Robertburgh,2026-04-02
C0084,Russell French,Home Office,North,Lake Suzanne,2026-03-21
C0085,Alexandra Bradley,Small Business,West,West Justinside,2024-08-12
C0086,Brandi Gordon,Consumer,West,Jamesville,2023-11-03
C0087,Mariah Higgins,Home Office,West,Lake Matthewport,2024-10-14
C0088,Casey Chase,Corporate,West,Wilcoxhaven,2023-10-30
C0089,Brandon Holden,Corporate,Central,Morrisbury,2022-07-17
C0090,Jeremy Adams,Home Office,Central,Kevinshire,2022-07-24
C0091,Melissa Brown,Small Business,West,South Kurtfurt,2025-04-05
C0092,Stacy Carrillo,Small Business,Central,Lake Sabrinaport,2023-12-26
C0093,Tyler Mendoza,Home Office,East,Adkinsstad,2024-03-06
C0094,Kaitlin Medina,Corporate,North,Port John,2025-07-14
C0095,Angela Griffin,Home Office,West,Christianshire,2022-12-18
C0096,Stephanie Harris,Corporate,West,East Mark,2024-08-06
C0097,Daniel Aguilar,Small Business,East,New Seanton,2024-04-30
C0098,Joyce Brown,Consumer,West,Chambersport,2025-05-29
C0099,Robert Reese,Home Office,South,North Rodneyland,2024-09-05
C0100,Steven Andersen,Small Business,South,Johnsonchester,2023-03-27
C0101,Martin Daniel,Home Office,East,Brooksfurt,2024-04-23
C0102,Jamie Miller,Home Office,East,Lake Michelle,2022-12-28
C0103,Jenna Anderson DVM,Home Office,Central,Port Andrewport,2024-05-14
C0104,Jessica Gray,Consumer,Central,East Steven,2023-02-19
C0105,Shaun Cannon,Corporate,North,Port Donnatown,2023-06-24
C0106,Kirk Griffin,Corporate,West,East Joyfurt,2024-04-09
C0107,Nicole Parsons,Small Business,Central,New Victoria,2023-06-15
C0108,Laura Ray,Corporate,West,Joelberg,2026-06-17
C0109,Jennifer Hill,Small Business,West,Lake Erika,2024-09-27
C0110,Gregory Schneider,Consumer,North,Floydmouth,2025-04-20
C0111,Elijah White,Home Office,South,Allenbury,2023-09-20
C0112,Renee Melendez,Small Business,South,Faulknerside,2024-08-20
C0113,David Rivera,Home Office,Central,South Melanieland,2024-08-28
C0114,Amber Bennett,Home Office,West,Port Charlesshire,2025-05-31
C0115,Karen Booth,Home Office,West,Kevintown,2023-05-13
C0116,Patrick Burgess,Home Office,East,Rochaborough,2024-02-07
C0117,Frank Campbell,Small Business,East,Fergusonstad,2023-10-01
C0118,Stephen Owens,Home Office,East,Gillmouth,2026-03-04
C0119,Jason Hart,Corporate,North,Lake Dustin,2023-07-23
C0120,Lauren Butler,Corporate,East,East Mark,2024-01-13
C0121,Kathryn Pena,Consumer,Central,Jonathanfort,2026-05-20
C0122,Katherine Jackson,Corporate,South,Garyside,2024-06-20
C0123,Kimberly May,Corporate,West,New Arthurland,2026-04-18
C0124,Pamela Gutierrez,Home Office,Central,North Jasmine,2022-07-21
C0125,Jacqueline Williamson,Home Office,North,Hopkinstown,2022-07-17
C0126,Alexandra Moreno,Corporate,East,Amandaport,2022-08-02
C0127,Megan Drake,Corporate,East,North Samantha,2024-08-12
C0128,Manuel King,Corporate,East,Josephfurt,2022-10-31
C0129,Judy Sanchez,Consumer,Central,West Gabriella,2025-11-27
C0130,Shannon Malone,Corporate,East,South Nicholasside,2024-06-02
C0131,Michele Miller,Consumer,North,Newmanmouth,2024-10-11
C0132,Anna Rice,Home Office,South,East Jasonshire,2024-06-01
C0133,Benjamin Frost,Small Business,North,East Sarahmouth,2022-07-30
C0134,Charles Hoover,Consumer,Central,Hickmanport,2023-03-02
C0135,Ruben Price,Home Office,West,Patrickberg,2025-09-04
C0136,Angela Mcgee,Small Business,West,Brianchester,2023-06-12
C0137,Larry Austin,Home Office,South,Novakmouth,2022-08-20
C0138,Willie Henry,Consumer,East,Angelafurt,2024-03-29
C0139,Mary Miller,Small Business,North,Laurenland,2022-11-04
C0140,Michael Walters,Consumer,West,Stewartville,2022-11-18
C0141,Jill Juarez,Small Business,North,East Christopherchester,2024-04-23
C0142,Jennifer Johnson,Consumer,South,Angelamouth,2025-12-20
C0143,Jason Maxwell,Corporate,Central,New Adriana,2025-04-04
C0144,Derrick Adams,Home Office,North,North Gary,2023-08-15
C0145,Richard Ward,Corporate,North,Lake Colleen,2024-11-21
C0146,Brian Torres,Small Business,Central,Cookfurt,2025-09-24
C0147,George Ochoa,Corporate,Central,West Malik,2026-04-21
C0148,Ernest Oconnell,Small Business,West,Kellyfort,2026-05-21
C0149,Erika Ramirez,Small Business,East,Diazshire,2023-04-25
C0150,Catherine Saunders MD,Small Business,East,Hahnborough,2024-04-08
C0151,Michael Fuentes,Consumer,Central,Chambersberg,2025-01-18
C0152,Matthew Espinoza,Consumer,South,Jonesfort,2024-11-04
C0153,Tammy Kane,Corporate,East,Stephensstad,2025-04-28
C0154,Linda Rocha,Consumer,South,Port Johnstad,2023-03-08
C0155,Kristine Newman,Corporate,South,Rasmussenmouth,2026-05-18
C0156,Adam Green,Consumer,South,South Neil,2024-05-14
C0157,Melissa Hernandez,Consumer,West,South Danchester,2026-03-13
C0158,Ronald Cross,Small Business,Central,Larrymouth,2025-08-26
C0159,Hannah Davis,Small Business,East,Floresport,2022-09-11
C0160,Alison Cooper,Consumer,South,Lake Laurenbury,2024-07-30
C0161,Erin Simmons,Home Office,East,Hallfurt,2025-01-13
C0162,Matthew Foster,Small Business,North,South Brittany,2024-01-27
C0163,Christine Goodwin,Corporate,East,New Cristianside,2023-04-07
C0164,Jim Baker,Corporate,West,Rosemouth,2024-11-26
C0165,Laurie Bailey,Consumer,Central,Williamsonport,2026-03-11
C0166,Megan Edwards,Corporate,South,West Daryl,2024-01-04
C0167,James Carlson,Home Office,South,Hendersonfort,2025-01-21
C0168,Maria Cooke,Consumer,North,South Keith,2023-04-07
C0169,Lisa Glenn,Corporate,East,South Derrickfurt,2026-05-16
C0170,Kathleen Cohen,Home Office,West,Mckinneymouth,2024-06-20
C0171,Andre Juarez,Consumer,West,Antoniobury,2024-08-31
C0172,Jim Newton,Home Office,West,Dunnville,2024-10-21
C0173,Joshua Ritter,Home Office,Central,Port Jenniferside,2023-05-23
C0174,Noah Valdez,Small Business,West,West Nancy,2022-08-24
C0175,Scott Miller,Consumer,Central,Port Lisaborough,2025-10-04
C0176,Heather Page,Consumer,West,Martinberg,2025-08-27
C0177,Renee Hudson,Home Office,Central,Candiceburgh,2023-10-23
C0178,Donna Adams,Home Office,North,East Sydneychester,2026-03-11
C0179,Sharon Martinez DVM,Consumer,South,East Jennifer,2025-10-30
C0180,Megan Burns,Consumer,East,Courtneyfurt,2024-04-28
C0181,Sheryl Davis,Consumer,South,Heatherstad,2024-05-02
C0182,Kevin Melton PhD,Small Business,Central,Lake Teresastad,2025-12-01
C0183,Jennifer Donaldson,Small Business,East,South Joseph,2025-10-30
C0184,Kenneth Knight,Corporate,Central,Kramerton,2022-09-13
C0185,Sara Smith,Small Business,West,South Stephen,2026-06-26
C0186,Zachary Blankenship,Consumer,West,Erikview,2022-11-21
C0187,Bradley Beck,Home Office,West,North Randy,2023-09-27
C0188,Cynthia Rios,Home Office,East,North Jasonland,2023-01-17
C0189,Michael Smith,Consumer,South,Lisachester,2025-04-16
C0190,Darryl Davis,Home Office,West,North Lawrenceport,2023-01-24
C0191,Nicole Anderson,Small Business,East,North Alyssa,2022-07-20
C0192,Jessica Bowen,Small Business,Central,South Christina,2024-04-14
C0193,Steven Taylor,Consumer,West,New Jessicastad,2026-05-15
C0194,Charles Hill,Consumer,East,East Angelaport,2025-08-19
C0195,Sarah Barrett,Home Office,East,Jamiehaven,2023-04-09
C0196,Matthew Bowers,Consumer,West,South Paul,2023-06-25
C0197,Andrea Oneal,Consumer,Central,West Sarahberg,2024-01-24
C0198,Jennifer Payne,Small Business,West,Port Thomas,2026-06-19
C0199,Kevin Smith,Consumer,South,North Sandra,2026-04-24
C0200,Dustin Marquez,Home Office,Central,Hendersonfurt,2022-11-05
C0201,Lisa Ramirez,Small Business,West,Christianborough,2026-05-31
C0202,Gabriel Willis,Consumer,South,West Hollybury,2022-09-30
C0203,Jeffrey Chavez,Home Office,Central,West Elizabethburgh,2022-12-29
C0204,Meredith Martin,Corporate,East,Alexandraview,2023-03-08
C0205,Richard Adams,Small Business,West,Port Rachelmouth,2025-09-29
C0206,Austin Joseph,Consumer,North,South Spencerstad,2022-09-26
C0207,Carol Moore,Corporate,South,New Emilyville,2023-06-06
C0208,Amanda Roy,Home Office,Central,North Thomas,2024-01-18
C0209,Timothy Mathews,Consumer,Central,Walkerbury,2024-03-07
C0210,Denise Miller,Small Business,North,Davidton,2023-03-27
C0211,Vicki Finley,Corporate,North,South Michelleport,2023-10-29
C0212,Aimee Gonzalez,Small Business,North,Jodibury,2024-05-15
C0213,Katherine Barton,Corporate,West,Lake Rachel,2025-07-23
C0214,Aaron Ortiz,Home Office,Central,New Michael,2025-11-15
C0215,Tiffany Smith,Home Office,West,Sweeneyport,2022-12-06
C0216,Cynthia Vasquez,Small Business,West,East Jenniferland,2022-09-10
C0217,Ryan Gutierrez,Corporate,West,Stephenland,2024-11-02
C0218,Mandy Foster,Corporate,West,South Elaineberg,2023-06-18
C0219,Ethan Owen,Corporate,Central,Louisview,2023-06-14
C0220,Brandy Carrillo,Corporate,North,East Danielmouth,2024-05-18
C0221,Joshua Oconnell,Home Office,West,South Kyle,2023-07-30
C0222,Christopher Parks,Home Office,Central,East Marymouth,2023-02-09
C0223,Tracy Foster,Home Office,North,Lake Kentburgh,2022-08-22
C0224,Jesse Adkins,Home Office,East,North Steven,2025-09-24
C0225,Adam Greer,Small Business,South,East James,2024-02-13
C0226,Teresa Miller,Small Business,Central,Samanthaland,2022-08-08
C0227,Steven Ramos,Small Business,East,North Rebecca,2025-10-31
C0228,Andrew Murray,Home Office,Central,New Ryan,2025-05-31
C0229,James Simmons MD,Small Business,West,West Joshua,2026-01-18
C0230,Manuel Sanchez,Home Office,South,Victorside,2024-06-06
C0231,James Barnes,Corporate,Central,Lake Virginia,2024-09-09
C0232,James Reeves,Small Business,South,Stephensfort,2023-11-22
C0233,Erica Nelson,Small Business,North,West Carlatown,2026-02-05
C0234,Amy Frey,Home Office,West,Katiebury,2026-05-30
C0235,Matthew Adams,Small Business,West,Port Wendybury,2024-10-26
C0236,Mrs. Taylor Frey,Corporate,West,East Joel,2023-10-15
C0237,Heather Vargas,Consumer,South,Staceyshire,2023-01-31
C0238,Sara Cochran,Home Office,North,Weaverburgh,2024-06-23
C0239,David Robinson,Small Business,North,Smithborough,2025-09-28
C0240,Christopher Lang,Small Business,North,Brianberg,2024-11-11
C0241,Patricia Mathis,Corporate,West,Susanstad,2025-05-02
C0242,Laurie Rogers,Corporate,North,Derekburgh,2025-06-11
C0243,Mark Freeman,Small Business,East,Grantside,2025-04-16
C0244,Rachel Walker,Home Office,Central,South Kurt,2025-04-08
C0245,Nicholas Rush,Small Business,North,Rosalesshire,2022-08-24
C0246,Tammy Ponce,Home Office,Central,Lake Ariana,2026-04-06
C0247,Patrick Young,Small Business,East,Garyland,2025-10-20
C0248,Monica Rogers,Small Business,Central,West Jasonland,2023-12-02
C0249,Michelle Williams,Consumer,Central,Oconnorburgh,2026-01-20
C0250,James Payne Jr.,Consumer,South,Kramershire,2025-02-13
C0251,Carla Jones,Home Office,South,West Andrewview,2026-04-28
C0252,Christopher Bennett,Consumer,West,New Shellyland,2023-11-13
C0253,Dr. Michele Reynolds,Consumer,North,New Pamela,2023-02-22
C0254,Daniel Lee,Small Business,South,Donnaport,2023-06-20
C0255,Kenneth Larsen,Home Office,North,North Michael,2024-03-23
C0256,Matthew Greene,Consumer,East,North Anthony,2023-03-14
C0257,Bradley Anthony,Consumer,East,Kristenfort,2024-06-21
C0258,Anna Stephens,Home Office,East,West Nicole,2023-12-29
C0259,Dennis Marshall,Small Business,South,Port Joseph,2022-10-06
C0260,Mary Miller,Corporate,Central,Lindseychester,2026-05-26
C0261,Kristen Randall,Small Business,Central,Sheppardfort,2024-10-21
C0262,Edwin Foster,Corporate,South,New Ashleyhaven,2025-09-19
C0263,Lisa Martinez,Corporate,North,Thompsonburgh,2026-05-28
C0264,Beth Henderson,Small Business,Central,Harrisberg,2025-11-07
C0265,Thomas Sloan,Corporate,West,North Paulfurt,2024-09-21
C0266,Kelly Stark,Corporate,South,Port Isabellashire,2024-08-09
C0267,Jason Hernandez,Small Business,East,North Annaville,2025-08-28
C0268,Sheryl Humphrey,Small Business,East,Patrickfort,2024-10-20
C0269,Christopher Powell,Consumer,West,Williamsmouth,2025-04-11
C0270,John Adams,Home Office,Central,Andrewport,2023-10-05
C0271,Shannon Cohen,Corporate,North,East Kevin,2025-06-28
C0272,Erica Daniel,Small Business,East,East Scottchester,2025-06-24
C0273,Sharon Nicholson,Home Office,West,North Larry,2024-07-17
C0274,Samuel Suarez,Home Office,West,East Jamesborough,2025-11-11
C0275,Jesus Hull,Home Office,South,West Micheal,2024-05-16
C0276,Thomas Maldonado,Small Business,West,West Tracy,2024-04-19
C0277,Karen Arnold,Consumer,South,Frankview,2025-07-06
C0278,Dominique Hughes,Small Business,Central,Port Ashley,2026-05-17
C0279,Maria Byrd,Home Office,Central,Denisehaven,2022-08-06
C0280,Patricia Smith,Home Office,East,Lake Glen,2025-09-20
C0281,Lee Hahn,Consumer,West,Rodneyfurt,2025-12-03
C0282,Daniel Turner,Home Office,North,Silvatown,2024-07-24
C0283,Sarah Brooks,Consumer,Central,Kennethville,2024-06-10
C0284,Donald Nguyen,Small Business,East,Joseport,2023-04-09
C0285,Cynthia Brown,Corporate,Central,Guerreroberg,2025-05-26
C0286,Yolanda Green,Home Office,South,Sullivanton,2024-11-05
C0287,Rose Cooper DDS,Corporate,Central,Knoxstad,2024-07-18
C0288,Sara Walter,Home Office,South,West Connor,2023-01-10
C0289,Robert Hines,Consumer,North,Lake Rachel,2025-02-18
C0290,Daniel Savage,Home Office,West,Frenchmouth,2024-01-02
C0291,Julie Wilson,Consumer,Central,Port Cynthiashire,2026-04-17
C0292,Steve Mason,Home Office,South,Morenochester,2022-09-24
C0293,Brenda Gonzalez,Consumer,East,Benitezmouth,2023-02-02
C0294,Catherine Miller,Home Office,West,Crystalburgh,2023-10-08
C0295,Jesse Clark,Corporate,South,New Kathy,2024-06-22
C0296,Anita Mendez,Corporate,Central,Powellfort,2024-01-19
C0297,Curtis Watson,Home Office,Central,West Katherinehaven,2023-04-12
C0298,Lori Wright,Home Office,South,Larryville,2024-01-19
C0299,Carol Colon,Home Office,West,Stacymouth,2025-06-05
C0300,Gail Barron,Home Office,East,West Wendy,2024-06-23
C0301,Carmen Meadows,Consumer,West,Smithbury,2025-06-04
C0302,Nicholas Lawrence,Consumer,South,North Michael,2025-02-12
C0303,Shawn Scott,Corporate,West,New Virginiaville,2025-02-16
C0304,Michael Butler,Home Office,North,Martinezview,2024-05-31
C0305,Michael Mccoy,Small Business,North,Robertville,2025-03-01
C0306,Larry Taylor,Home Office,Central,New Jenniferville,2023-08-25
C0307,Kathleen Lynch,Consumer,West,Marieborough,2023-12-12
C0308,Christopher Kelley,Home Office,East,Lake Sarah,2023-11-03
C0309,Michael Meadows,Small Business,East,Hernandezland,2025-08-19
C0310,Nathaniel Conway,Consumer,South,South Vanessa,2023-09-13
C0311,Brett Thompson,Small Business,North,Port Kellymouth,2024-03-21
C0312,Samuel Zamora,Home Office,Central,Port Devonburgh,2023-10-31
C0313,Tina Adams,Corporate,North,West Lisaburgh,2022-12-21
C0314,Jesus Houston,Small Business,East,Marshburgh,2022-12-20
C0315,Amy Dunlap,Small Business,North,North Robert,2024-11-17
C0316,Meghan White,Corporate,North,Maxwelltown,2025-12-19
C0317,Monica Snow,Consumer,East,Knappville,2026-01-24
C0318,Arthur Pena,Small Business,North,Lake Mirandahaven,2025-08-02
C0319,Krystal Levine,Consumer,South,Aprilville,2024-03-31
C0320,Karen Alvarado,Corporate,West,Hernandezside,2026-01-31
C0321,Alexandra Michael,Small Business,East,Christianburgh,2022-10-25
C0322,David Cordova Jr.,Small Business,Central,New Dawn,2024-02-17
C0323,Jimmy Solis,Corporate,West,Millerfort,2024-04-21
C0324,Jonathan Valdez,Consumer,West,South Robertside,2024-09-17
C0325,Rebecca Richmond,Small Business,East,Pamelaside,2023-05-06
C0326,Tiffany Cox,Consumer,East,Port Jeffreymouth,2023-11-05
C0327,Lindsay Moran,Corporate,West,Jenniferville,2022-11-27
C0328,April Kelly,Small Business,South,Amystad,2025-04-28
C0329,Christopher Taylor,Home Office,North,Rodriguezborough,2023-04-08
C0330,Jenna Bryant,Home Office,Central,Lake Matthew,2025-07-18
C0331,Mark Powers,Home Office,North,Port Patriciamouth,2025-02-24
C0332,Brandy Porter,Small Business,East,New Savannahshire,2024-06-12
C0333,Tammy Thompson,Corporate,North,Lake Lisa,2022-12-06
C0334,Lisa Morris,Small Business,North,Barnesbury,2023-08-11
C0335,Tracy Chavez,Corporate,Central,East Robert,2025-04-25
C0336,Elizabeth Miles,Consumer,North,Jenniferside,2025-01-17
C0337,Marcus Roberts,Home Office,South,Samanthaberg,2026-06-10
C0338,Tina Gordon,Corporate,Central,Jenniferstad,2024-10-06
C0339,Terri Mckinney,Corporate,North,Nataliechester,2025-09-30
C0340,Allison Thomas,Corporate,Central,East Josephburgh,2026-06-13
C0341,Brianna Brown,Corporate,South,Jamesside,2022-08-24
C0342,Ashley Parrish,Home Office,South,Lake Deborah,2024-01-27
C0343,Rebecca Horton,Consumer,East,South Paulmouth,2026-05-19
C0344,Patrick Harris,Corporate,South,Greerstad,2025-07-15
C0345,Lindsey Parsons,Home Office,South,West Shane,2026-06-13
C0346,Victor Moss,Consumer,North,South Billyview,2024-09-28
C0347,Kevin Scott,Corporate,North,Stevenberg,2022-09-04
C0348,Linda Ayala,Home Office,South,Tracyshire,2024-09-18
C0349,Michael Fox,Home Office,North,New Carlos,2024-07-15
C0350,Joshua Davis,Corporate,East,East Elizabeth,2023-11-03
C0351,Travis Montgomery,Consumer,South,Barajastown,2022-12-22
C0352,David May,Small Business,Central,North Felicia,2023-10-19
C0353,Theresa Cruz,Consumer,North,Angelhaven,2025-10-21
C0354,Robert Griffin,Small Business,West,West Rachelborough,2023-10-18
C0355,Brendan Bonilla,Home Office,Central,Lake Cameronborough,2025-12-22
C0356,Brian Medina,Consumer,West,Lucasland,2025-07-03
C0357,Joe Rivera,Corporate,Central,North Brianview,2024-09-30
C0358,Crystal Green,Consumer,Central,Hayesfurt,2024-03-31
C0359,Michael Nichols,Home Office,West,Port Julieton,2025-04-26
C0360,Timothy Rodriguez,Consumer,North,Catherineport,2025-07-30
C0361,James Guerrero,Small Business,West,Moorebury,2023-01-23
C0362,Robert Gardner,Small Business,North,West Erica,2026-03-04
C0363,Monica Brooks,Small Business,West,New Nancyberg,2023-01-04
C0364,Kyle Medina,Consumer,North,West Jasonstad,2023-05-13
C0365,Sarah Thomas,Home Office,Central,East Christina,2023-07-12
C0366,Michael Bradley,Corporate,North,Port Karenside,2024-05-11
C0367,Donna Jones,Corporate,East,East Jessicafort,2026-04-28
C0368,Michael Young,Home Office,West,Christineborough,2023-10-15
C0369,Luis Torres,Home Office,West,New Ashley,2025-09-30
C0370,Caroline Edwards,Small Business,North,Lake Jodi,2024-04-05
C0371,Brandy Quinn,Consumer,Central,Fordstad,2025-08-12
C0372,Mr. Matthew Miller,Corporate,West,Micheleberg,2026-01-30
C0373,Nicholas Sims,Small Business,South,North Melissatown,2025-10-07
C0374,Patricia Lewis,Small Business,East,New Jorgeside,2024-05-27
C0375,Holly Walker,Small Business,West,Dennishaven,2024-07-22
C0376,Jonathan Bates,Small Business,North,Port Willie,2024-04-19
C0377,Travis Hopkins,Home Office,West,Lake Jessica,2026-04-10
C0378,Philip Hall,Home Office,East,Miketon,2025-03-10
C0379,Rebecca Hughes,Home Office,South,Keithton,2026-06-09
C0380,Michael Boyd,Small Business,North,Maryview,2024-10-30
C0381,Jamie Gray,Consumer,North,New Johnbury,2024-07-31
C0382,Sean Tucker,Consumer,West,Eatontown,2024-07-10
C0383,Christopher Jones,Consumer,East,Jasonburgh,2023-02-22
C0384,Ruth Guerrero,Corporate,Central,Shepherdville,2024-06-10
C0385,Daniel Martin,Consumer,Central,Johnsonton,2023-01-10
C0386,Brandy Hunt,Home Office,North,North Gabriel,2026-03-16
C0387,Jennifer Costa,Small Business,East,Lake Jessicaport,2026-04-21
C0388,Lawrence Ruiz,Small Business,North,Jacksonchester,2024-12-01
C0389,Samantha White,Home Office,Central,Garymouth,2026-03-16
C0390,Andrea Gray,Home Office,East,North Allen,2024-08-09
C0391,Melinda Serrano,Consumer,Central,East Thomaston,2026-01-10
C0392,Nicole Davis,Corporate,South,New Amber,2022-07-09
C0393,Meghan Reynolds,Small Business,South,Woodton,2025-04-22
C0394,Todd Olson,Consumer,East,Bellshire,2022-11-27
C0395,John Hall,Home Office,North,West Carmenside,2024-02-25
C0396,Michael Clarke,Home Office,Central,New Adrianborough,2025-04-07
C0397,Jack Moore,Corporate,West,Joseside,2024-03-17
C0398,Donald Becker,Consumer,Central,South Andrea,2024-09-29
C0399,Justin Webb,Home Office,North,Beckyfurt,2025-06-16
C0400,Mary Adkins,Corporate,East,Loganburgh,2022-12-01
